{
  "books": [
    {
      "title": "Origins",
      "author": "Dan Brown",
      "genre": "Medical thriller",
      "summary": "The fifth installment in the Robert Langdon series",
      "id": 1001
    },
    {
      "title": "Crisis",
      "author": "Robin Cook",
      "genre": "Mystery thriller",
      "summary": "The terrifying story of a doctor who is the victim of a medical malpractise crisis",
      "id": 1002
    },
    {
      "title": "fly on",
      "author": "sam",
      "genre": "Non-Fiction",
      "summary": "nice book",
      "id": 1003
    },
    {
      "title": "Harry potter",
      "author": "wiliams",
      "genre": "Mystery thriller",
      "summary": "mind blowing book",
      "id": 1004
    },
    {
      "title": "python",
      "author": "williams",
      "genre": "Non-Fiction",
      "summary": "best lang book",
      "id": 1005
    },
    {
      "title": "attitude is everything",
      "author": "johnson",
      "genre": "Non-Fiction",
      "summary": "best book ever read, it will change your thought process",
      "id": 1006
    },
    {
      "title": "I too had a love story",
      "author": "rabindra singh",
      "genre": "Non-Fiction",
      "summary": "an untold love story",
      "id": 1007
    }
  ]
}